User ID,email,Password,First Name,Middle Name,Last Name,Organiztaion,Salary Base,HSA Annual Credits,HSA Remaining
3001,abc@gmail.com,PMgQjnYF8cr4Bz5,Milo,Jan,Judge,TCCAC,60000,1500,1500
3002,abcd@gmail.com,AWX36evdMrFB4BW,Viviane,Rosa,Keeley,TCCAC,58000,3000,3000
3003,abce@gmail.com,bmt3fXwPYn3TkRj,Ivah,Ludie,Dawn,TCCAC,102200,4500,4500
3004,abcf@gmail.com,BYezGqBJzxfqaRh,Giovani,Diego,Jayne,TCCAC,63444,6000,6000
3005,abcg@gmail.com,haYXq5MWAbXCCWz,Abbigail,Andreanne,Jensen,TCCAC,50000,6500,6500
3006,abch@gmail.com,XTLHQ3f76J9effj,Branson,Sadye,Ellen,TCCAC,60000,3000,3000
3007,abci@gmail.com,BCJNBhywqHLp53k,Estevan,Kirk,Faustino,TCCAC,58000,1000,1000
3008,abcj@gmail.com,fNYnDBbuMeu6jE2,Ava,Veda,Lavina,TCCAC,102200,500,500
3009,abck@gmail.com,25SkRk8RHUgstLq,Katrina,Bria,Cheyanne,TCCAC,63444,350,350
3010,abcl@gmail.com,Kjxq8UrGzyS7YF5,Jacky,Bobbie,Titus,TCCAC,50000,100,100
